{
  "IsEncrypted": false,
  "Values": {
    "AzureWebJobsStorage": "DefaultEndpointsProtocol=https;AccountName=storagebros;AccountKey=Ix9SHXlpJjuAGz2QnDWupLtUl1C9kcqH79XYE8daleIrMrS2hKecI/hoHaFr0nSTQGTtHxF6Tbhk+AStGrAT9A==;EndpointSuffix=core.windows.net",
    "FUNCTIONS_WORKER_RUNTIME": "python",
    "storagebros_STORAGE": "DefaultEndpointsProtocol=https;AccountName=storagebros;AccountKey=Ix9SHXlpJjuAGz2QnDWupLtUl1C9kcqH79XYE8daleIrMrS2hKecI/hoHaFr0nSTQGTtHxF6Tbhk+AStGrAT9A==;EndpointSuffix=core.windows.net"
  }
}